URL,Total URL length,netloc length,Query Length,count digits,count reserved char,has https,Country Code TLD,Generic TLD,is shortened TLD,has Port,has username,has fragments,num queries (count =),URL encoding,Path length,Path depth,Path digit counts,Path special character count,Page title,mimeType,status,redirected,ranking,country,server,tlsIssuer,tlsValidDays,numRequest,num Links,num Cookies,num Console Msg,urlscan Score,urlscan category
http://103.85.95.5/v1/uploads/g5QMC5XVlj/,34,11,0,8,3,0,Global,Unknown,0,0,0,0,0,0,23,3,3,4,,,,,,,,,,5.0,0.0,0.0,0.0,0.0,[]
http://famesa.com.ar/dos/gaa/,22,13,0,0,2,0,Argentina,Country,0,0,0,0,0,0,9,2,0,3,,application/x-msdownload,200,https-only,,AR,Apache,Sectigo RSA Domain Validation Secure Server CA,365,1.0,0.0,1.0,0.0,0.0,[]
https://famesa.com.ar/dos/gaa/,22,13,0,0,2,1,Argentina,Country,0,0,0,0,0,0,9,2,0,3,,application/x-msdownload,200,,,AR,Apache,Sectigo RSA Domain Validation Secure Server CA,365,1.0,0.0,1.0,0.0,0.0,[]
http://185.216.133.16/.vi,18,14,0,11,3,0,Global,Unknown,0,0,0,0,0,0,4,1,0,2,,text/plain,200,,,SY,Apache/2.2.15 (CentOS),,,2.0,0.0,0.0,1.0,0.0,[]
https://zhengxinpeixun.oss-cn-qingdao.aliyuncs.com/0011b9cd240249c3aeb520ea1205eaf1.jpg,79,42,0,0,5,1,Global,Commercial,0,0,0,0,0,0,37,1,20,2,,,400,,,,,,,,,,,,
https://chuckozeas.com/pdf/PO_8016992470_Copy.7z,40,14,0,0,1,1,Global,Commercial,0,0,0,0,0,0,26,2,11,5,,application/x-7z-compressed,200,,,US,Apache,Encryption Everywhere DV TLS CA - G2,380,1.0,0.0,0.0,0.0,0.0,[]
http://sd-1684625-h00001.ferozo.net/PaginaMasVieja1321654/VXbZo/,57,28,0,12,4,0,Global,Network,0,0,0,0,0,0,29,2,7,3,404 Not Found,text/html,404,https-only,,AR,Apache,centos6.dattaweb.com,3650,2.0,0.0,0.0,2.0,0.0,[]
http://www.reiwo-service.de/cgi-bin/O/,27,20,0,0,3,0,Germany,Country,0,0,0,0,0,0,11,2,0,4,,,400,,,,,,,,,,,,
https://github.com/xmrig/xmrig/releases/download/v6.10.0/xmrig-6.10.0-linux-static-x64.tar.gz,85,10,0,0,1,1,Global,Commercial,0,0,0,0,0,0,75,6,10,16,,,400,,,,,,,,,,,,
http://sd-1093121-h00002.ferozo.net/wp-content/YQ7IkSjIEP9r/,53,28,0,12,4,0,Global,Network,0,0,0,0,0,0,25,2,2,4,404 Not Found | Integra Salud,text/html,404,https-only,,AR,Apache/2.4.46 (Unix) OpenSSL/1.0.1e-fips mod_fastcgi/mod_fastcgi-SNAP-0910052141,R3,89,29.0,11.0,0.0,11.0,0.0,[]
http://www.chemsky.tn/64prPlDhbugztyb2Zl/xjvFXPUX7XeoPWTqSQ2/?i=1,54,14,3,0,2,0,Tunisia,Country,0,0,0,0,1,0,40,2,5,3,,application/vnd.openxmlformats-officedocument.spreadsheetml.sheet,200,,,TN,Apache/2.4.29 (Ubuntu),,,1.0,0.0,1.0,0.0,0.0,[]
http://sd-1684625-h00001.ferozo.net/PaginaMasVieja1321654/F1M5dBu8axuQkx0p8/,69,28,0,12,4,0,Global,Network,0,0,0,0,0,0,41,2,12,3,404 Not Found,text/html,404,https-only,,AR,Apache,centos6.dattaweb.com,3650,2.0,0.0,0.0,2.0,0.0,[]
http://106.246.224.219/.l/pty3?ddos,28,15,4,12,3,0,Global,Unknown,0,0,0,0,1,0,8,2,1,3,,application/octet-stream,200,,,KR,Apache/2.2.15 (CentOS),,,1.0,0.0,0.0,0.0,0.0,[]
http://182.52.51.239/scripts/23,24,13,0,10,3,0,Global,Unknown,0,0,0,0,0,0,11,2,2,2,,application/octet-stream,200,,,TH,Jetty(9.4.z-SNAPSHOT),,,1.0,0.0,0.0,0.0,0.0,[]
http://182.52.51.239/scripts/23s,25,13,0,10,3,0,Global,Unknown,0,0,0,0,0,0,12,2,2,2,,application/octet-stream,200,,,TH,Jetty(9.4.z-SNAPSHOT),,,1.0,0.0,0.0,0.0,0.0,[]
http://alinac.ca/images/Lp6yKpIpRf6/,29,9,0,0,1,0,Canada,Country,0,0,0,0,0,0,20,2,2,3,,application/x-msdownload,200,https-only,,US,Apache,RapidSSL TLS RSA CA G1,365,1.0,0.0,1.0,0.0,0.0,[]
http://ponizinny.nl/wp-admin/KdLO9n/,29,12,0,0,1,0,Netherlands,Country,0,0,0,0,0,0,17,2,1,4,,,400,,,,,,,,,,,,
http://103.85.95.5/v1/uploads/87DtpAEZULSccOn/,39,11,0,8,3,0,Global,Unknown,0,0,0,0,0,0,28,3,3,4,,,,,,,,,,5.0,0.0,0.0,0.0,0.0,[]
http://89.25.223.211/logfiles/U2O/,27,13,0,10,3,0,Global,Unknown,0,0,0,0,0,0,14,2,1,3,,,,,,,,,,1.0,0.0,0.0,0.0,0.0,[]
http://106.246.224.219/.l/pty4,23,15,0,12,3,0,Global,Unknown,0,0,0,0,0,0,8,2,1,3,,,400,,,,,,,,,,,,
http://106.246.224.219/.l/pty3,23,15,0,12,3,0,Global,Unknown,0,0,0,0,0,0,8,2,1,3,,application/octet-stream,200,,,KR,Apache/2.2.15 (CentOS),,,1.0,0.0,0.0,0.0,0.0,[]
https://drive.google.com/uc?export=download&id=1GVnZexVVs3VPv0-ihFlWnmzMHIJ3qqlY,72,16,52,0,2,1,Global,Commercial,0,0,0,0,2,0,3,1,0,1,,,400,,,,,,,,,,,,
http://195.158.95.85:40467/.i,22,19,0,15,3,0,Global,Unknown,0,1,0,0,0,0,3,1,0,2,,application/octet-stream,200,,,MT,,,,1.0,0.0,0.0,0.0,0.0,[]
http://namthaibinh.net/images/vin1.jpg,31,15,0,0,1,0,Global,Network,0,0,0,0,0,0,16,2,1,3,,,400,,,,,,,,,,,,
http://219.89.121.234:27390/.i,23,20,0,16,3,0,Global,Unknown,0,1,0,0,0,0,3,1,0,2,,,,,,,,,,5.0,0.0,0.0,0.0,0.0,[]
http://78.38.98.43:25323/.i,20,17,0,13,3,0,Global,Unknown,0,1,0,0,0,0,3,1,0,2,,,,,,,,,,5.0,0.0,0.0,0.0,0.0,[]
https://uxsingh.com/uxsingh.jpg,23,11,0,0,1,1,Global,Commercial,0,0,0,0,0,0,12,1,0,2,,,400,,,,,,,,,,,,
http://49.142.114.242:6220/.i,22,19,0,15,3,0,Global,Unknown,0,1,0,0,0,0,3,1,0,2,,,,,,,,,,5.0,0.0,0.0,0.0,0.0,[]
http://37.34.209.216:59068/.i,22,19,0,15,3,0,Global,Unknown,0,1,0,0,0,0,3,1,0,2,,application/octet-stream,200,,,KW,,,,1.0,0.0,0.0,0.0,0.0,[]
http://203.217.100.150:34020/.i,24,21,0,17,3,0,Global,Unknown,0,1,0,0,0,0,3,1,0,2,,,,,,,,,,5.0,0.0,0.0,0.0,0.0,[]
http://78.188.27.225:4782/.i,21,18,0,14,3,0,Global,Unknown,0,1,0,0,0,0,3,1,0,2,,application/octet-stream,200,,,TR,,,,1.0,0.0,0.0,0.0,0.0,[]
http://212.231.226.35:27102/.i,23,20,0,16,3,0,Global,Unknown,0,1,0,0,0,0,3,1,0,2,,application/octet-stream,200,,,ES,,,,1.0,0.0,0.0,0.0,0.0,[]
http://219.89.123.232:62391/.i,23,20,0,16,3,0,Global,Unknown,0,1,0,0,0,0,3,1,0,2,,application/octet-stream,200,,,NZ,,,,1.0,0.0,0.0,0.0,0.0,[]
http://oazahotel.com.mk/more.exe,25,16,0,0,2,0,North Macedonia,Country,0,0,0,0,0,0,9,1,0,2,,application/x-msdownload,200,https-only,,US,Apache,R3,89,1.0,0.0,0.0,0.0,0.0,[]
http://128.92.210.156:46915/.i,23,20,0,16,3,0,Global,Unknown,0,1,0,0,0,0,3,1,0,2,,,,,,,,,,5.0,0.0,0.0,0.0,0.0,[]
http://68.169.168.177:28180/.i,23,20,0,16,3,0,Global,Unknown,0,1,0,0,0,0,3,1,0,2,,application/octet-stream,200,,,US,,,,1.0,0.0,0.0,0.0,0.0,[]
http://113.61.2.23:35326/.i,20,17,0,13,3,0,Global,Unknown,0,1,0,0,0,0,3,1,0,2,,,,,,,,,,5.0,0.0,0.0,0.0,0.0,[]
http://109.92.28.89:36032/.i,21,18,0,14,3,0,Global,Unknown,0,1,0,0,0,0,3,1,0,2,,,,,,,,,,5.0,0.0,0.0,0.0,0.0,[]
http://xt.lykj988.com/down/fileren.exe,31,14,0,3,2,0,Global,Commercial,0,0,0,0,0,0,17,2,0,3,xt.lykj988.com,text/plain,514,https-only,,CN,SLT,TrustAsia RSA DV TLS CA G3,395,5.0,0.0,0.0,1.0,0.0,[]
https://xn----7sbhgfcdscaa3cdd6dq3e3dvf.xn--p1ai/static/software/T1_Net.exe,67,40,0,6,7,1,Global,Unknown,0,0,0,0,0,0,27,3,1,5,,application/octet-stream,200,,,RU,nginx,GlobalSign GCC R3 DV TLS CA 2020,396,1.0,0.0,0.0,0.0,0.0,[]
http://109.92.181.49:28800/.i,22,19,0,15,3,0,Global,Unknown,0,1,0,0,0,0,3,1,0,2,,application/octet-stream,200,,,RS,,,,1.0,0.0,0.0,0.0,0.0,[]
http://194.145.227.21/ldr.sh?le0943_http,33,14,11,11,3,0,Global,Unknown,0,0,0,0,1,0,7,1,0,2,,text/x-sh,200,,,NL,,,,2.0,0.0,0.0,1.0,0.0,[]
http://84.22.136.158:32729/.i,22,19,0,15,3,0,Global,Unknown,0,1,0,0,0,0,3,1,0,2,,,,,,,,,,5.0,0.0,0.0,0.0,0.0,[]
http://185.215.113.84/peinf.exe,24,14,0,11,3,0,Global,Unknown,0,0,0,0,0,0,10,1,0,2,,,,,,,,,,1.0,0.0,0.0,0.0,0.0,[]
http://185.215.113.84/tpeinf.exe,25,14,0,11,3,0,Global,Unknown,0,0,0,0,0,0,11,1,0,2,,,,,,,,,,1.0,0.0,0.0,0.0,0.0,[]
https://canconsulting.in/includes/TAX%20Invoice.zip,43,16,0,0,1,1,India,Country,0,0,0,0,0,1,27,2,2,4,,,400,,,,,,,,,,,,
http://british-shorthair.es/axe/DKFSGF2M/,34,20,0,0,2,0,Spain,Country,0,0,0,0,0,0,14,2,1,3,,text/html,200,,,DE,Apache,,,2.0,0.0,0.0,0.0,0.0,[]
https://xz888.oss-cn-hangzhou.aliyuncs.com/5w/%E4%BA%94%E5%91%B3%E4%BC%A0%E5%A5%87.exe,78,34,0,3,5,1,Global,Commercial,0,0,0,0,0,12,44,2,14,15,,application/x-msdownload,200,,,CN,AliyunOSS,GlobalSign Organization Validation CA - SHA256 - G3,396,1.0,0.0,0.0,0.0,0.0,[]
http://aosafrica.co.za/5j1ae/ApMYYqsc6Q3p5Y/,37,15,0,0,2,0,South Africa,Country,0,0,0,0,0,0,22,2,5,3,File Download,text/html,200,https-only,,ZA,Microsoft-IIS/10.0,R3,89,5.0,1.0,1.0,0.0,0.0,[]
http://british-shorthair.es/axe/tWL/,29,20,0,0,2,0,Spain,Country,0,0,0,0,0,0,9,2,0,3,,text/html,200,,,DE,Apache,,,2.0,0.0,0.0,0.0,0.0,[]
http://88.247.222.82:8272/.i,21,18,0,14,3,0,Global,Unknown,0,1,0,0,0,0,3,1,0,2,,,,,,,,,,5.0,0.0,0.0,0.0,0.0,[]
http://49.158.204.118:18461/.i,23,20,0,16,3,0,Global,Unknown,0,1,0,0,0,0,3,1,0,2,,,,,,,,,,5.0,0.0,0.0,0.0,0.0,[]
http://server.easysalepage.in.th/jsasynci/8673380355246647760559.xlsb,62,25,0,0,3,0,Thailand,Country,0,0,0,0,0,0,37,2,22,3,,application/octet-stream,200,https-only,,TH,LiteSpeed,localhost,9999,1.0,0.0,0.0,0.0,0.0,[]
http://123.241.57.252:65057/.i,23,20,0,16,3,0,Global,Unknown,0,1,0,0,0,0,3,1,0,2,,,,,,,,,,5.0,0.0,0.0,0.0,0.0,[]
http://server.easysalepage.in.th/jsasynci/89205643570.xlsb,51,25,0,0,3,0,Thailand,Country,0,0,0,0,0,0,26,2,11,3,,application/octet-stream,200,https-only,,TH,LiteSpeed,localhost,9999,1.0,0.0,0.0,0.0,0.0,[]
https://www.TradeInsights.net/images/eqrKn0KrsN2NbhkpbE4fw0X/,49,21,0,0,2,1,Global,Network,0,0,0,0,0,0,32,2,4,3,,,400,,,,,,,,,,,,
http://casamuseoayerbe.co/cgi-bin/ZQ2d3dEWvlA1pXG/,43,18,0,0,1,0,Colombia,Country,0,0,0,0,0,0,25,2,3,4,File Download,text/html,200,https-only,,CO,Apache,R3,89,5.0,0.0,1.0,0.0,0.0,[]
http://87.26.181.132:25500/.i,22,19,0,15,3,0,Global,Unknown,0,1,0,0,0,0,3,1,0,2,,,400,,,,,,,,,,,,
http://111.185.63.165:53565/.i,23,20,0,16,3,0,Global,Unknown,0,1,0,0,0,0,3,1,0,2,,,,,,,,,,5.0,0.0,0.0,0.0,0.0,[]
http://server.toeicswt.co.kr/svr_netchecker/server.asp?V_COMMAND=3002&V_PROGNAME=SJPTManagerLauncher.exe,97,21,49,0,3,0,South Korea,Country,0,0,0,0,2,0,26,2,0,4,,,400,,,,,,,,,,,,
https://www.roofing.galacticleads.com/u6uuyrd6u.tar,39,29,0,0,3,1,Global,Commercial,0,0,0,0,0,0,14,1,2,2,,application/x-tar,200,,,GB,LiteSpeed,R3,89,1.0,0.0,0.0,0.0,0.0,[]
http://kimyen.net/upload/VLTKTanthuTN.exe,34,10,0,0,1,0,Global,Network,0,0,0,0,0,0,24,2,0,3,,application/octet-stream,200,,,VN,openresty,,,1.0,0.0,0.0,0.0,0.0,[]
http://196.221.148.92:54278/.i,23,20,0,16,3,0,Global,Unknown,0,1,0,0,0,0,3,1,0,2,,application/octet-stream,200,,,EG,,,,1.0,0.0,0.0,0.0,0.0,[]
http://108.46.196.185:7905/.i,22,19,0,15,3,0,Global,Unknown,0,1,0,0,0,0,3,1,0,2,,,,,,,,,,5.0,0.0,0.0,0.0,0.0,[]
https://33rdderryscouts.com//wp-content/plugins/simple-responsive-slider/classes/win.txt,80,19,0,2,1,1,Global,Commercial,0,0,0,0,0,0,61,4,0,10,,text/plain,200,,,GB,Apache,"cPanel, Inc. Certification Authority",90,2.0,0.0,0.0,0.0,0.0,[]
http://www.teknoarge.com/update/ana/Update.exe,35,17,0,0,2,0,Global,Commercial,0,0,0,0,0,0,22,3,0,4,,application/x-msdownload,200,https-only,,TR,nginx,R3,89,1.0,0.0,0.0,0.0,0.0,[]
http://101.51.121.206/scripts/23s,26,14,0,11,3,0,Global,Unknown,0,0,0,0,0,0,12,2,2,2,,,,,,,,,,1.0,0.0,0.0,0.0,0.0,[]
http://101.51.121.206/scripts/23,25,14,0,11,3,0,Global,Unknown,0,0,0,0,0,0,11,2,2,2,,application/octet-stream,200,,,TH,Jetty(9.4.z-SNAPSHOT),,,1.0,0.0,0.0,0.0,0.0,[]
http://dl.9xu.com/js/ueditor/lang/zh-cn/images/horn.php,48,10,0,1,2,0,Global,Commercial,0,0,0,0,0,0,38,6,0,8,502 Bad Gateway,text/html,502,https-only,,CN,openresty,Let's Encrypt Authority X3,90,2.0,0.0,0.0,2.0,0.0,[]
http://dl.9xu.com/js/ueditor/lang/zh-cn/images/mug.php,47,10,0,1,2,0,Global,Commercial,0,0,0,0,0,0,37,6,0,8,502 Bad Gateway,text/html,502,https-only,,CN,openresty,Let's Encrypt Authority X3,90,2.0,0.0,0.0,2.0,0.0,[]
http://dl.9xu.com/js/ueditor/lang/zh-cn/images/inverting.php,53,10,0,1,2,0,Global,Commercial,0,0,0,0,0,0,43,6,0,8,502 Bad Gateway,text/html,502,https-only,,CN,openresty,Let's Encrypt Authority X3,90,1.0,0.0,0.0,1.0,0.0,[]
http://dl.9xu.com/js/ueditor/lang/zh-cn/images/apportion.php,53,10,0,1,2,0,Global,Commercial,0,0,0,0,0,0,43,6,0,8,502 Bad Gateway,text/html,502,https-only,,CN,openresty,Let's Encrypt Authority X3,90,2.0,0.0,0.0,2.0,0.0,[]
http://dl.9xu.com/js/ueditor/lang/zh-cn/images/subdivider.php,54,10,0,1,2,0,Global,Commercial,0,0,0,0,0,0,44,6,0,8,502 Bad Gateway,text/html,502,https-only,,CN,openresty,Let's Encrypt Authority X3,90,2.0,0.0,0.0,2.0,0.0,[]
http://dl.9xu.com/js/ueditor/lang/zh-cn/images/streamlined.php,55,10,0,1,2,0,Global,Commercial,0,0,0,0,0,0,45,6,0,8,502 Bad Gateway,text/html,502,https-only,,CN,openresty,Let's Encrypt Authority X3,90,1.0,0.0,0.0,1.0,0.0,[]
http://dl.9xu.com/js/ueditor/lang/zh-cn/images/superstitions.php,57,10,0,1,2,0,Global,Commercial,0,0,0,0,0,0,47,6,0,8,502 Bad Gateway,text/html,502,https-only,,CN,openresty,Let's Encrypt Authority X3,90,1.0,0.0,0.0,1.0,0.0,[]
https://drive.google.com/uc?export=download&id=12Ma_YvBmprTs6E_VkFNMWIkRNWSARQbW,72,16,52,0,2,1,Global,Commercial,0,0,0,0,2,0,3,1,0,1,,,400,,,,,,,,,,,,
https://drive.google.com/uc?export=download&id=1O9jG3OQYEWNcoPTigwsCdbTfMvtfQyGJ,72,16,52,0,2,1,Global,Commercial,0,0,0,0,2,0,3,1,0,1,,,400,,,,,,,,,,,,
http://95.158.69.35:16506/.i,21,18,0,14,3,0,Global,Unknown,0,1,0,0,0,0,3,1,0,2,,application/octet-stream,200,,,PL,,,,1.0,0.0,0.0,0.0,0.0,[]
https://www.saf-oil.ru/downloads/safmanager/safman_setup.exe,48,14,0,0,3,1,Russia,Country,0,0,0,0,0,0,38,3,0,5,,application/octet-stream,200,,,RU,nginx-reuseport/1.21.1,R3,89,1.0,0.0,0.0,0.0,0.0,[]
https://codeload.github.com/mr-r3b00t/RDP_Backdoor/zip/refs/heads/main,62,19,0,0,2,1,Global,Commercial,0,0,0,0,0,0,43,6,3,8,,,400,,,,,,,,,,,,
https://github.com/mr-r3b00t/RDP_Backdoor/archive/refs/heads/main.zip,61,10,0,0,1,1,Global,Commercial,0,0,0,0,0,0,51,6,3,9,,,400,,,,,,,,,,,,
http://219.68.245.35:21388/.i,22,19,0,15,3,0,Global,Unknown,0,1,0,0,0,0,3,1,0,2,,,,,,,,,,5.0,0.0,0.0,0.0,0.0,[]
http://lastimaners.ug/zxcv.EXE,23,14,0,0,1,0,Uganda,Country,0,0,0,0,0,0,9,1,0,2,,,,,,,,,,5.0,0.0,0.0,0.0,0.0,[]
http://lastimaners.ug/asdfg.exe,24,14,0,0,1,0,Uganda,Country,0,0,0,0,0,0,10,1,0,2,,,,,,,,,,5.0,0.0,0.0,0.0,0.0,[]
http://lastimaners.ug/asdf.EXE,23,14,0,0,1,0,Uganda,Country,0,0,0,0,0,0,9,1,0,2,,,,,,,,,,5.0,0.0,0.0,0.0,0.0,[]
http://lastimaners.ug/zxcvb.exe,24,14,0,0,1,0,Uganda,Country,0,0,0,0,0,0,10,1,0,2,,application/x-msdos-program,200,,,RU,nginx/1.18.0,,,1.0,0.0,0.0,0.0,0.0,[]
http://files5.uludagbilisim.com/OrtakModul/NBYS%20ASM.NET.exe,54,24,0,1,2,0,Global,Commercial,0,0,0,0,0,1,30,2,2,5,,application/octet-stream,200,https-only,,TR,Microsoft-IIS/10.0,host-14,364,1.0,0.0,0.0,0.0,0.0,[]
http://files5.uludagbilisim.com/nbys.aspx?f=aile_hekimligi/NBYS%20AH.NET.exe,69,24,34,1,2,0,Global,Commercial,0,0,0,0,1,1,10,1,0,2,,application/octet-stream,200,https-only,,TR,Microsoft-IIS/10.0,host-14,364,1.0,0.0,0.0,0.0,0.0,[]
http://203.223.44.206:8418/.i,22,19,0,15,3,0,Global,Unknown,0,1,0,0,0,0,3,1,0,2,,,,,,,,,,5.0,0.0,0.0,0.0,0.0,[]
http://182.253.205.235:8600/.i,23,20,0,16,3,0,Global,Unknown,0,1,0,0,0,0,3,1,0,2,,,,,,,,,,5.0,0.0,0.0,0.0,0.0,[]
https://drive.google.com/uc?export=download&id=1N8_s6gIjereArczwh74BlKYgOdIg64eO,72,16,52,0,2,1,Global,Commercial,0,0,0,0,2,0,3,1,0,1,,,400,,,,,,,,,,,,
https://drive.google.com/uc?export=download&id=1YfqTuGAHQHQrUlWUGDEkEAvfFktSL8cI,72,16,52,0,2,1,Global,Commercial,0,0,0,0,2,0,3,1,0,1,,,400,,,,,,,,,,,,
http://103.230.153.181:2570/.i,23,20,0,16,3,0,Global,Unknown,0,1,0,0,0,0,3,1,0,2,,,,,,,,,,5.0,0.0,0.0,0.0,0.0,[]
http://www.ysbaojia.com/downfile.asp?sid=276663/,37,16,11,0,2,0,Global,Commercial,0,0,0,0,1,0,13,1,0,2,404 File Not Found,text/html,404,https-only,,CN,nginx/1.14.0,Encryption Everywhere DV TLS CA - G2,366,2.0,1.0,0.0,2.0,0.0,[]
https://docs.google.com/uc?export=download&id=1SbD1rnw8lUztJMSH6GDlZUPVyUPBopa0&revid=0B3yyJTs_WOKLR2VnYXVQOHlidXBXN1l2WWJnTXFnWVI5V0h3PQ,129,15,110,0,2,1,Global,Commercial,0,0,0,0,3,0,3,1,0,1,,image/png,200,off-domain,8807,DE,UploadServer,GTS CA 1C3,83,1.0,0.0,0.0,0.0,0.0,[]
https://docs.google.com/uc?export=download&id=1CtmYWLj5woUiug1WgIZy3kE7YJ1u0YoR&revid=0B_t0-zked1mGaGxwMXcwYWQ5Q0Q1Uk1UOXcwaUp6L2ovMTdjPQ,129,15,110,0,2,1,Global,Commercial,0,0,0,0,3,0,3,1,0,1,,image/jpeg,200,off-domain,8807,DE,UploadServer,GTS CA 1C3,83,1.0,0.0,0.0,0.0,0.0,[]
http://84.242.139.134:2601/.i,22,19,0,15,3,0,Global,Unknown,0,1,0,0,0,0,3,1,0,2,,,,,,,,,,5.0,0.0,0.0,0.0,0.0,[]
https://drive.google.com/uc?export=download&id=1alQ8r5TnR6wWIfTqA3l6D9FYMv7y0G9m,72,16,52,0,2,1,Global,Commercial,0,0,0,0,2,0,3,1,0,1,,,400,,,,,,,,,,,,
https://docs.google.com/uc?export=download&id=1tiLqoZOt07VyLvDmmSfS7iA452jWhKTj&revid=0B7gsMQZks4XkcDJCWHUvaTJ2QVlvcHNmNnovU2lDZStEK2JZPQ,129,15,110,0,2,1,Global,Commercial,0,0,0,0,3,0,3,1,0,1,,image/png,200,off-domain,8807,DE,UploadServer,GTS CA 1C3,83,1.0,0.0,0.0,0.0,0.0,[]
https://drive.google.com/uc?export=download&id=1ETPmpb2shvUny5DxJ5awfpxklxqpBzGx,72,16,52,0,2,1,Global,Commercial,0,0,0,0,2,0,3,1,0,1,,,400,,,,,,,,,,,,
https://drive.google.com/uc?export=download&id=1b6t1MjNJCvnDcY-MDQQ0NeqRBOcqYJu4,72,16,52,0,2,1,Global,Commercial,0,0,0,0,2,0,3,1,0,1,,,400,,,,,,,,,,,,
http://softdl.360tpcdn.com/inst77player/inst77player_1.0.0.1.exe,57,19,0,3,2,0,Global,Commercial,0,0,0,0,0,0,38,2,8,7,,application/octet-stream,200,,,US,,,,1.0,0.0,0.0,0.0,0.0,[]
https://drive.google.com/uc?export=download&id=1Pr2l1wFpWhFzLN-sq93Bb9XWfQtRwEzU,72,16,52,0,2,1,Global,Commercial,0,0,0,0,2,0,3,1,0,1,,,400,,,,,,,,,,,,
https://drive.google.com/uc?export=download&id=1NW1GmZG6LwTuhs0TTE969xcFpP9_dc5q,72,16,52,0,2,1,Global,Commercial,0,0,0,0,2,0,3,1,0,1,,,400,,,,,,,,,,,,
http://d1.udashi.com/soft/xzgj/3839/%E6%85%95%E8%AF%BE%E7%BD%91%E8%A7%86%E9%A2%91%E8%A7%A3%E6%9E%90%E5%B7%A5%E5%85%B7_2015.exe,119,13,0,1,2,0,Global,Commercial,0,0,0,0,0,27,106,4,39,33,,application/x-msdownload,200,https-only,,CN,Lego Server,TrustAsia RSA DV TLS CA G3,395,1.0,0.0,0.0,0.0,0.0,[]
http://d1.udashi.com/soft/bgrj/5694/%E5%88%9B%E8%BE%89%E4%BC%81%E4%B8%9A%E5%90%8D%E5%BD%95%E4%BF%A1%E6%81%AF%E6%90%9C%E7%B4%A2%E8%BD%AF%E4%BB%B6.exe,141,13,0,1,2,0,Global,Commercial,0,0,0,0,0,36,128,4,39,41,,application/x-msdownload,200,https-only,,CN,Lego Server,TrustAsia RSA DV TLS CA G3,395,1.0,0.0,0.0,0.0,0.0,[]
http://d1.udashi.com/soft/wlyy/16396/jxszdjp.exe,41,13,0,1,2,0,Global,Commercial,0,0,0,0,0,0,28,4,5,5,,application/x-msdownload,200,https-only,,CN,Lego Server,TrustAsia RSA DV TLS CA G3,395,1.0,0.0,0.0,0.0,0.0,[]
http://d1.udashi.com/soft/wlyy/11070/%E6%9A%97%E5%B7%B7%E8%A7%86%E9%A2%91%E8%A7%A3%E6%9E%90%E5%8A%A9%E6%89%8B.exe,106,13,0,1,2,0,Global,Commercial,0,0,0,0,0,24,93,4,34,29,,application/x-msdownload,200,https-only,,CN,Lego Server,TrustAsia RSA DV TLS CA G3,395,1.0,0.0,0.0,0.0,0.0,[]
http://d1.udashi.com/soft/aqsd/5084/%E5%A4%A9%E9%99%8D%E6%BF%80%E5%85%89%E7%82%AE-%E5%9B%BE%E5%83%8F%E7%95%8C%E9%9D%A2%E7%89%88.exe,124,13,0,1,2,0,Global,Commercial,0,0,0,0,0,30,111,4,40,36,,application/x-msdownload,200,https-only,,CN,Lego Server,TrustAsia RSA DV TLS CA G3,395,1.0,0.0,0.0,0.0,0.0,[]
http://d1.udashi.com/soft/dnyx/20812/richedit.exe,42,13,0,1,2,0,Global,Commercial,0,0,0,0,0,0,29,4,5,5,,application/x-msdownload,200,https-only,,CN,Lego Server,TrustAsia RSA DV TLS CA G3,395,1.0,0.0,0.0,0.0,0.0,[]
http://213.243.216.3:8480/.i,21,18,0,14,3,0,Global,Unknown,0,1,0,0,0,0,3,1,0,2,,application/octet-stream,200,,,IT,,,,1.0,0.0,0.0,0.0,0.0,[]
https://drive.google.com/uc?export=download&id=1z7QhwCOzJWeHKsdhw-YUiVac2JzwjQiA,72,16,52,0,2,1,Global,Commercial,0,0,0,0,2,0,3,1,0,1,,,400,,,,,,,,,,,,
https://docs.google.com/uc?export=download&id=1M8jsZvQ-zTFruL7VgSB6q-n3fTGnkbdJ&revid=0BxrhyBF9__wNMGJlNmxMUnZzNlU0V204azc4eDMzcEp6a0hZPQ,129,15,110,0,2,1,Global,Commercial,0,0,0,0,3,0,3,1,0,1,,image/png,200,off-domain,8807,DE,UploadServer,GTS CA 1C3,83,1.0,0.0,0.0,0.0,0.0,[]
https://docs.google.com/uc?export=download&id=1GV_Nk9lLqw4fxUdO-khJA7NUUJ1KEvvw&revid=0B7ZeFP-G6n7vM0ZhOWo4bE9pVUs4Mmh0YmxVd3R6ZlU3YlZnPQ,129,15,110,0,2,1,Global,Commercial,0,0,0,0,3,0,3,1,0,1,,image/png,200,off-domain,8807,DE,UploadServer,GTS CA 1C3,83,1.0,0.0,0.0,0.0,0.0,[]
https://drive.google.com/uc?id=1a7jWDzayVXW_d3CgV_N7TjF4STY3UFOr&export=download,72,16,52,0,2,1,Global,Commercial,0,0,0,0,2,0,3,1,0,1,,,400,,,,,,,,,,,,
https://docs.google.com/uc?export=download&id=140vkYFrFHBQKuKc2hNW-gSvi5wjw6IYI,71,15,52,0,2,1,Global,Commercial,0,0,0,0,2,0,3,1,0,1,,application/octet-stream,200,off-domain,8807,DE,UploadServer,GTS CA 1C3,83,1.0,0.0,0.0,0.0,0.0,[]
http://static.cz01.cn/setup/%E9%A3%9E%E8%9B%BE%E5%B7%A5%E5%85%B7%E7%AE%B1.exe,70,14,0,2,2,0,China,Country,0,0,0,0,0,15,56,2,14,18,502 Bad Gateway,text/html,502,https-only,,GB,nginx,DigiCert Basic RSA CN CA G2,387,2.0,0.0,0.0,2.0,0.0,[]
http://218.38.241.103:1050/.i,22,19,0,15,3,0,Global,Unknown,0,1,0,0,0,0,3,1,0,2,,application/octet-stream,200,,,KR,,,,1.0,0.0,0.0,0.0,0.0,[]
https://docs.google.com/uc?export=download&id=1H_DyP_d5Lst4Akyf2QEzXL7J1SCVbtVs&revid=0B5thCKui5i0mdk5mOElBNm9vUHNYdVJnVWpYQ01VRG5XVWhrPQ,129,15,110,0,2,1,Global,Commercial,0,0,0,0,3,0,3,1,0,1,,image/jpeg,200,off-domain,8807,DE,UploadServer,GTS CA 1C3,83,1.0,0.0,0.0,0.0,0.0,[]
https://drive.google.com/uc?export=download&id=1uYGnPwZZyzn2rODSRImg0-SlOxy_leTG,72,16,52,0,2,1,Global,Commercial,0,0,0,0,2,0,3,1,0,1,,,400,,,,,,,,,,,,
http://181.129.137.29:32770/.i,23,20,0,16,3,0,Global,Unknown,0,1,0,0,0,0,3,1,0,2,,,,,,,,,,5.0,0.0,0.0,0.0,0.0,[]
https://docs.google.com/uc?export=download&id=1YGn4gkmy9mUSDp_LgNPyJjh6RSKT39vP&revid=0B8rbGP2BpEOfMk5Ta3N3MGJTeFBZdEVwTk5WWHpjd3YrUEJJPQ,129,15,110,0,2,1,Global,Commercial,0,0,0,0,3,0,3,1,0,1,,image/jpeg,200,off-domain,8807,DE,UploadServer,GTS CA 1C3,83,1.0,0.0,0.0,0.0,0.0,[]
http://cfs9.blog.daum.net/upload_control/download.blog?fhandle=MEp5eURAZnM5LmJsb2cuZGF1bS5uZXQ6L0lNQUdFLzAvNS5leGU=&filename=%EC%9D%B8%ED%84%B0%EB%84%B7_%EC%A2%85%EB%9F%89%EC%A0%9C_%ED%85%8C%EC%8A%A4%ED%8A%B8.exe,205,18,157,1,3,0,Global,Network,0,0,0,0,2,27,29,2,0,4,,application/x-dosexec,200,https-only,,KR,openresty,Thawte TLS RSA CA G1,394,1.0,0.0,0.0,0.0,0.0,[]
http://cfs13.tistory.com/upload_control/download.blog?fhandle=YmxvZzE5MTk5NUBmczEzLnRpc3RvcnkuY29tOi9hdHRhY2gvMC8xNzAwMDAwMDAwMDAuZXhl&filename=oleaut32.dll%BF%C0%B7%F9%C7%D8%B0%E1%C7%CF%B1%E2.exe,189,17,142,2,2,0,Global,Commercial,0,0,0,0,2,12,29,2,0,4,,application/x-dosexec,200,https-only,,KR,openresty,Thawte TLS RSA CA G1,394,1.0,0.0,0.0,0.0,0.0,[]
http://cfs10.blog.daum.net/upload_control/download.blog?fhandle=MDczaFhAZnMxMC5ibG9nLmRhdW0ubmV0Oi9JTUFHRS8wLzkwLmV4ZQ==&filename=XP_SP3_%ED%85%8C%EB%A7%88%ED%8C%A8%EC%B9%98.exe,170,19,121,2,3,0,Global,Network,0,0,0,0,2,12,29,2,0,4,,application/x-dosexec,200,https-only,,KR,openresty,Thawte TLS RSA CA G1,394,1.0,0.0,0.0,0.0,0.0,[]
http://cfs13.tistory.com/upload_control/download.blog?fhandle=YmxvZzE5MTk5NUBmczEzLnRpc3RvcnkuY29tOi9hdHRhY2gvMC8xNzAwMDAwMDAwMDAuZXhl&filename=oleaut32.dll%EF%BF%BD%EF%BF%BD%EF%BF%BD%EF%BF%BD%EF%BF%BD%D8%B0%EF%BF%BD%EF%BF%BD%CF%B1%EF%BF%BD.exe,237,17,190,2,2,0,Global,Commercial,0,0,0,0,2,28,29,2,0,4,,application/x-dosexec,200,https-only,,KR,openresty,Thawte TLS RSA CA G1,394,1.0,0.0,0.0,0.0,0.0,[]
http://cfs7.blog.daum.net/upload_control/download.blog?fhandle=MEtnWE5AZnM3LmJsb2cuZGF1bS5uZXQ6L0lNQUdFLzAvMC5leGU=&filename=%EC%9D%B8%ED%84%B0%EB%84%B7_%EC%A2%85%EB%9F%89%EC%A0%9C_%ED%85%8C%EC%8A%A4%ED%8A%B8-cksal16.exe/%EC%9D%B8%ED%84%B0%EB%84%B7_%EC%A2%85%EB%9F%89%EC%A0%9C_%ED%85%8C%EC%8A%A4%ED%8A%B8-cksal16.exe,309,18,261,1,3,0,Global,Network,0,0,0,0,2,54,29,2,0,4,,application/x-dosexec,200,https-only,,KR,openresty,Thawte TLS RSA CA G1,394,1.0,0.0,0.0,0.0,0.0,[]
http://194.145.227.21/ldr.sh,21,14,0,11,3,0,Global,Unknown,0,0,0,0,0,0,7,1,0,2,,text/x-sh,200,,,NL,,,,2.0,0.0,0.0,1.0,0.0,[]
https://spices.com.sg/check.dll,23,13,0,0,2,1,Singapore,Country,0,0,0,0,0,0,10,1,0,2,,application/x-msdownload,200,,,SG,Apache,"cPanel, Inc. Certification Authority",90,1.0,0.0,0.0,0.0,0.0,[]
https://docs.google.com/uc?export=download&id=1JPL-UoUydm5HypQM67uokyDdrbLbpxvW&revid=0B7zpIPRmOC5UbHpWclQ0cXdyTE5vWTRBYmNidzNHTGM3bzVrPQ,129,15,110,0,2,1,Global,Commercial,0,0,0,0,3,0,3,1,0,1,,image/png,200,off-domain,8807,DE,UploadServer,GTS CA 1C3,83,1.0,0.0,0.0,0.0,0.0,[]
http://61.247.183.18:3311/.i,21,18,0,14,3,0,Global,Unknown,0,1,0,0,0,0,3,1,0,2,,,,,,,,,,5.0,0.0,0.0,0.0,0.0,[]
http://travelwithmanta.co.za/r6x7x6rf.zip,34,21,0,0,2,0,South Africa,Country,0,0,0,0,0,0,13,1,3,2,,application/zip,200,https-only,,ZA,LiteSpeed,R3,89,1.0,0.0,0.0,0.0,0.0,[]
https://travelwithmanta.co.za/r6x7x6rf.zip,34,21,0,0,2,1,South Africa,Country,0,0,0,0,0,0,13,1,3,2,,application/zip,200,,,ZA,LiteSpeed,R3,89,1.0,0.0,0.0,0.0,0.0,[]
https://mysura.it/njtzac0.tar,21,9,0,0,1,1,Italy,Country,0,0,0,0,0,0,12,1,1,2,,application/x-tar,200,,,IT,nginx,"cPanel, Inc. Certification Authority",90,1.0,0.0,0.0,0.0,0.0,[]
https://dl.packetstormsecurity.net/DoS/nemesy13.zip,43,26,0,0,2,1,Global,Network,0,0,0,0,0,0,17,2,2,3,,application/zip,200,,,US,Apache/2.4.41 (Ubuntu),R3,89,1.0,0.0,0.0,0.0,0.0,[]
https://e-commerce.saleensuporte.com.br/z4voa7.rar,42,31,0,0,4,1,Brazil,Country,0,0,0,0,0,0,11,1,2,2,,application/x-rar-compressed,200,,,US,Apache,R3,89,1.0,0.0,0.0,0.0,0.0,[]
https://spaceframe.mobi.space-frame.co.za/agha25.tar,44,33,0,0,5,1,South Africa,Country,0,0,0,0,0,0,11,1,2,2,,application/x-tar,200,,,ZA,Apache,R3,89,1.0,0.0,0.0,0.0,0.0,[]
https://test.typoten.com/rpez546n.rar,29,16,0,0,2,1,Global,Commercial,0,0,0,0,0,0,13,1,3,2,,application/x-rar-compressed,200,,,US,Apache,R3,89,1.0,0.0,0.0,0.0,0.0,[]
http://bearcatpumps.com.cn/css/embarf.point,36,19,0,0,2,0,China,Country,0,0,0,0,0,0,17,2,0,3,,application/octet-stream,200,https-only,,US,Apache,"cPanel, Inc. Certification Authority",90,1.0,0.0,0.0,0.0,0.0,[]
http://360down7.miiyun.cn/2017/06/radbxnzdxbd.exe,42,18,0,4,2,0,China,Country,0,0,0,0,0,0,24,3,6,4,,,,,,,,,,5.0,0.0,0.0,0.0,0.0,[]
https://buscascolegios.diit.cl/txs9e9.zip,33,22,0,0,2,1,Chile,Country,0,0,0,0,0,0,11,1,2,2,,application/zip,200,,,CL,Apache,"cPanel, Inc. Certification Authority",90,1.0,0.0,0.0,0.0,0.0,[]
https://library.arihantmbainstitute.ac.in/dcbl8fi.zip,45,33,0,0,3,1,India,Country,0,0,0,0,0,0,12,1,1,2,,application/zip,200,,,US,nginx,R3,89,1.0,0.0,0.0,0.0,0.0,[]
http://download.caihong.com/gamewd/yhdl.exe,36,20,0,0,2,0,Global,Commercial,0,0,0,0,0,0,16,2,0,3,,application/octet-stream,200,https-only,,CN,Byte-nginx,sslTrus (RSA) DV CA,396,1.0,0.0,0.0,0.0,0.0,[]
https://abissnet.net/se12y5vm.zip,25,12,0,0,1,1,Global,Network,0,0,0,0,0,0,13,1,3,2,,application/zip,200,,,AL,Apache,R3,89,1.0,0.0,0.0,0.0,0.0,[]
https://jeffdahlke.com/css/WwYxH5cctn/,30,14,0,0,1,1,Global,Commercial,0,0,0,0,0,0,16,2,1,3,,application/msword,200,,,US,nginx,R3,89,1.0,0.0,1.0,0.0,0.0,[]
http://www.moninediy.com/data/oVg/,23,17,0,0,2,0,Global,Commercial,0,0,0,0,0,0,10,2,0,3,,application/msword,200,,,CN,Apache/2.4.55 (Win64) OpenSSL/1.1.1s mod_fcgid/2.3.9a,,,1.0,0.0,1.0,0.0,0.0,[]
https://jeffdahlke.com/css/bg4n3/,25,14,0,0,1,1,Global,Commercial,0,0,0,0,0,0,11,2,2,3,,application/octet-stream,200,,,US,nginx,R3,89,1.0,0.0,1.0,0.0,0.0,[]
https://abissnet.net/u0eukz.zip,23,12,0,0,1,1,Global,Network,0,0,0,0,0,0,11,1,1,2,,application/zip,200,,,AL,Apache,R3,89,1.0,0.0,0.0,0.0,0.0,[]
http://77.237.25.210:35162/.i,22,19,0,15,3,0,Global,Unknown,0,1,0,0,0,0,3,1,0,2,,application/octet-stream,200,,,PL,,,,1.0,0.0,0.0,0.0,0.0,[]
http://api-ms.cobainaja.id/hceioc.zip,30,19,0,0,3,0,Indonesia,Country,0,0,0,0,0,0,11,1,0,2,,application/zip,200,,,ID,LiteSpeed,,,1.0,0.0,0.0,0.0,0.0,[]
http://marksidfgs.ug/asdfg.exe,23,13,0,0,1,0,Uganda,Country,0,0,0,0,0,0,10,1,0,2,,,,,,,,,,5.0,0.0,0.0,0.0,0.0,[]
http://shahu66.com/rc62n0.rar,22,11,0,2,1,0,Global,Commercial,0,0,0,0,0,0,11,1,3,2,,,400,,,,,,,,,,,,
http://parallel.rockvideos.at/n9h1k9gwt.gif,36,22,0,0,2,0,Austria,Country,0,0,0,0,0,0,14,1,3,2,,,400,,,,,,,,,,,,
http://karer.by/gfl7i3kp.rar,21,8,0,0,1,0,Belarus,Country,0,0,0,0,0,0,13,1,2,2,Сайт не обслуживается,text/html,404,off-domain,,BY,nginx,R3,89,38.0,5.0,36.0,111.0,0.0,[]
https://jeffdahlke.com/css/attachments/,31,14,0,0,1,1,Global,Commercial,0,0,0,0,0,0,17,2,0,3,,application/msword,200,,,US,nginx,R3,89,1.0,0.0,1.0,0.0,0.0,[]
http://123.240.103.89:55262/.i,23,20,0,16,3,0,Global,Unknown,0,1,0,0,0,0,3,1,0,2,,,,,,,,,,5.0,0.0,0.0,0.0,0.0,[]
http://123.194.35.146:1261/.i,22,19,0,15,3,0,Global,Unknown,0,1,0,0,0,0,3,1,0,2,,,,,,,,,,5.0,0.0,0.0,0.0,0.0,[]
http://down.udashi.com/pe/driverexportpe.exe,37,15,0,0,2,0,Global,Commercial,0,0,0,0,0,0,22,2,0,3,,application/x-msdownload,200,https-only,,CN,Lego Server,R3,89,1.0,0.0,0.0,0.0,0.0,[]
http://soft.110route.com/PAETools.exe,30,17,0,3,2,0,Global,Commercial,0,0,0,0,0,0,13,1,0,2,404 Not Found,text/html,404,https-only,,CN,nginx,RapidSSL Global TLS RSA4096 SHA256 2022 CA1,366,2.0,0.0,0.0,1.0,0.0,[]
https://jeffdahlke.com/css/3u/,22,14,0,0,1,1,Global,Commercial,0,0,0,0,0,0,8,2,1,3,,application/octet-stream,200,,,US,nginx,R3,89,1.0,0.0,1.0,0.0,0.0,[]
https://jeffdahlke.com/css/6QV2O2EHWZH1D/,33,14,0,0,1,1,Global,Commercial,0,0,0,0,0,0,19,2,4,3,,application/msword,200,,,US,nginx,R3,89,1.0,0.0,1.0,0.0,0.0,[]
https://jeffdahlke.com/css/LLC/fA1TOrCVwmvsW1IOUA/,42,14,0,0,1,1,Global,Commercial,0,0,0,0,0,0,28,3,2,4,,application/msword,200,,,US,nginx,R3,89,1.0,0.0,1.0,0.0,0.0,[]
http://cd.textfiles.com/hmatrix/Data/hack1226.exe,42,16,0,0,2,0,Global,Commercial,0,0,0,0,0,0,26,3,4,4,,application/x-msdownload,200,,,US,Apache/2.4.58 (FreeBSD) OpenSSL/1.1.1o-freebsd,,,1.0,0.0,0.0,0.0,0.0,[]
http://111.185.23.84:33424/g,21,19,0,15,3,0,Global,Unknown,0,1,0,0,0,0,2,1,0,1,,,,,,,,,,5.0,0.0,0.0,0.0,0.0,[]
http://111.185.23.84:33424/i,21,19,0,15,3,0,Global,Unknown,0,1,0,0,0,0,2,1,0,1,,,,,,,,,,5.0,0.0,0.0,0.0,0.0,[]
http://111.185.23.84:33424/Mozi.m,26,19,0,15,3,0,Global,Unknown,0,1,0,0,0,0,7,1,0,2,,,,,,,,,,5.0,0.0,0.0,0.0,0.0,[]
http://111.185.23.84:33424/Mozi.a,26,19,0,15,3,0,Global,Unknown,0,1,0,0,0,0,7,1,0,2,,,400,,,,,,,,,,,,
http://kimyen.net/upload/VLTKNhatRac.exe,33,10,0,0,1,0,Global,Network,0,0,0,0,0,0,23,2,0,3,,application/octet-stream,200,https-only,,VN,openresty,"cPanel, Inc. Certification Authority",90,1.0,0.0,0.0,0.0,0.0,[]
http://111.185.23.84:33424/.i,22,19,0,15,3,0,Global,Unknown,0,1,0,0,0,0,3,1,0,2,,,,,,,,,,5.0,0.0,0.0,0.0,0.0,[]
http://hr2019.vrcom7.com/cgi-bin/Document/81828115/BKxJH/,50,17,0,5,2,0,Global,Commercial,0,0,0,0,0,0,33,4,8,6,,application/msword,200,https-only,,TH,Apache/2,R3,89,1.0,0.0,1.0,0.0,0.0,[]
https://nsb.org.uk/plesk-stat/closed_section/verified_profile/le2_3ws89vz2/,67,10,0,0,2,1,United Kingdom,Country,0,0,0,0,0,0,57,4,5,9,,application/msword,200,,,GB,Apache/2.2.15 (CentOS),R3,89,1.0,0.0,1.0,0.0,0.0,[]
http://temptmag.com/private_array/form/rxebzllhn-956/,46,12,0,0,1,0,Global,Commercial,0,0,0,0,0,0,34,3,3,6,,application/msword,200,https-only,,US,Apache,"cPanel, Inc. Certification Authority",90,1.0,0.0,1.0,0.0,0.0,[]
http://www.reifenquick.de/Scripts/statement/ul397wfyb/,43,18,0,0,2,0,Germany,Country,0,0,0,0,0,0,29,3,3,4,,application/msword,200,https-only,,DE,nginx,Sectigo RSA Domain Validation Secure Server CA,371,1.0,0.0,1.0,0.0,0.0,[]
http://temptmag.com/private_array/corporate_forum/HhlND_ymf9vwyKx/,59,12,0,0,1,0,Global,Commercial,0,0,0,0,0,0,47,3,1,7,,application/msword,200,https-only,,US,Apache,"cPanel, Inc. Certification Authority",90,1.0,0.0,1.0,0.0,0.0,[]
http://reifenquick.de/Scripts/hl8-8w4cs-6325/,38,14,0,0,1,0,Germany,Country,0,0,0,0,0,0,24,2,7,5,,application/msword,200,https-only,,DE,nginx,Sectigo RSA Domain Validation Secure Server CA,371,1.0,0.0,1.0,0.0,0.0,[]
https://jeffdahlke.com/css/DOC/kbc9dts71991684654644570io07lx5tws9zd0q/,63,14,0,0,1,1,Global,Commercial,0,0,0,0,0,0,49,3,23,4,,application/msword,200,,,US,nginx,R3,89,1.0,0.0,1.0,0.0,0.0,[]
http://posmicrosystems.com/Scan/vw3tl6d9/,34,19,0,0,1,0,Global,Commercial,0,0,0,0,0,0,15,2,3,3,,application/msword,200,,,US,"Microsoft-IIS/10.0, IIS84S",,,1.0,0.0,1.0,0.0,0.0,[]
http://www.reifenquick.de/Scripts/hl8-8w4cs-6325/,38,18,0,0,2,0,Germany,Country,0,0,0,0,0,0,24,2,7,5,,application/msword,200,https-only,,DE,nginx,Sectigo RSA Domain Validation Secure Server CA,371,1.0,0.0,1.0,0.0,0.0,[]
https://jeffdahlke.com/css/fqcfrfvwflt3/,32,14,0,0,1,1,Global,Commercial,0,0,0,0,0,0,18,2,1,3,,application/msword,200,,,US,nginx,R3,89,1.0,0.0,1.0,0.0,0.0,[]
https://nsb.org.uk/plesk-stat/paclm/,28,10,0,0,2,1,United Kingdom,Country,0,0,0,0,0,0,18,2,0,4,,,400,,,,,,,,,,,,
http://posmicrosystems.com/OCT/05eo9y/yho7cb662821oxuq416ncv9m0g/,58,19,0,0,1,0,Global,Commercial,0,0,0,0,0,0,39,3,15,4,,application/msword,200,,,US,"Microsoft-IIS/10.0, IIS84S",,,1.0,0.0,1.0,0.0,0.0,[]
http://yp.hnggzyjy.cn/Common/yz.vbs,28,14,0,0,2,0,China,Country,0,0,0,0,0,0,14,2,0,3,,text/vbscript,200,,,CN,Microsoft-IIS/7.5,,,2.0,0.0,1.0,1.0,0.0,[]
https://jeffdahlke.com/css/private_module/test_cloud/z3gjv_w4zyu545ts846/,65,14,0,0,1,1,Global,Commercial,0,0,0,0,0,0,51,4,8,8,,application/msword,200,,,US,nginx,R3,89,1.0,0.0,1.0,0.0,0.0,[]
http://posmicrosystems.com/common_resource/3ZYNn88Sm_QdY9vaOqlXKYn_989270539154_n7FFnMeyjem/36660133916761_YjN3N510WqQNfYx0/,117,19,0,0,1,0,Global,Commercial,0,0,0,0,0,0,98,3,36,9,,application/msword,200,,,US,"Microsoft-IIS/10.0, IIS84S",,,1.0,0.0,1.0,0.0,0.0,[]
http://www.reifenquick.de/Scripts/open-0627720493640-azQ24PfFjRm/guarded-space/gxkx9t42ra6yf-6x7uyx330389w/,96,18,0,0,2,0,Germany,Country,0,0,0,0,0,0,82,4,27,9,,application/msword,200,https-only,,DE,nginx,Sectigo RSA Domain Validation Secure Server CA,371,1.0,0.0,1.0,0.0,0.0,[]
http://posmicrosystems.com/balance/t8dpeb54nchg/e474868660412vht8ymb7vn10qkc6j/,72,19,0,0,1,0,Global,Commercial,0,0,0,0,0,0,53,3,20,4,,application/msword,200,,,US,"Microsoft-IIS/10.0, IIS84P",,,1.0,0.0,1.0,0.0,0.0,[]
http://lindnerelektroanlagen.de/INVOICE/AOG-3515110/,45,24,0,0,1,0,Germany,Country,0,0,0,0,0,0,21,2,7,4,,application/msword,200,https-only,,DE,nginx,R3,89,1.0,0.0,0.0,0.0,0.0,[]
https://jeffdahlke.com/css/Reporting/po3x708837819192166196fun7k976gnpv/,64,14,0,0,1,1,Global,Commercial,0,0,0,0,0,0,50,3,23,4,,application/msword,200,,,US,nginx,R3,89,1.0,0.0,1.0,0.0,0.0,[]
http://hitstation.nl/css/parts_service/ly944myw/,41,13,0,0,1,0,Netherlands,Country,0,0,0,0,0,0,28,3,3,5,,,400,,,,,,,,,,,,
http://162.209.98.174/ssh1,19,14,0,11,3,0,Global,Unknown,0,0,0,0,0,0,5,1,1,1,,text/plain,200,,,US,Apache/2.2.22 (Ubuntu),,,2.0,0.0,0.0,1.0,0.0,[]
http://123.110.124.238:39195/.i,24,21,0,17,3,0,Global,Unknown,0,1,0,0,0,0,3,1,0,2,,,,,,,,,,5.0,0.0,0.0,0.0,0.0,[]
https://www.hostingcloud.racing/7991.js,27,23,0,0,2,1,Global,Unknown,0,0,0,0,0,0,8,1,4,2,,application/javascript,200,,606328,NL,nginx,R3,89,2.0,0.0,0.0,1.0,0.0,[]
http://prestigehomeautomation.net/43rf3dw/34frgegrg.exe,48,26,0,0,1,0,Global,Network,0,0,0,0,0,0,22,2,5,3,,application/octet-stream,200,,,CA,,,,1.0,0.0,0.0,0.0,0.0,[]
http://218.38.241.105:23421/.i,23,20,0,16,3,0,Global,Unknown,0,1,0,0,0,0,3,1,0,2,,,,,,,,,,5.0,0.0,0.0,0.0,0.0,[]
http://66.57.55.210:54699/.i,21,18,0,14,3,0,Global,Unknown,0,1,0,0,0,0,3,1,0,2,,application/octet-stream,200,,,US,,,,1.0,0.0,0.0,0.0,0.0,[]
http://47.46.231.38:54076/.i,21,18,0,14,3,0,Global,Unknown,0,1,0,0,0,0,3,1,0,2,,application/octet-stream,200,,,US,,,,1.0,0.0,0.0,0.0,0.0,[]
http://23.228.143.58:44467/.i,22,19,0,15,3,0,Global,Unknown,0,1,0,0,0,0,3,1,0,2,,,,,,,,,,5.0,0.0,0.0,0.0,0.0,[]
http://62.38.222.98:19635/.i,21,18,0,14,3,0,Global,Unknown,0,1,0,0,0,0,3,1,0,2,,application/octet-stream,200,,,GR,,,,1.0,0.0,0.0,0.0,0.0,[]
http://drive.google.com.it-barcelona.com/frm0reseen/PrntScrnOfAMZOrderID.jpg.exe,73,33,0,0,5,0,Global,Commercial,0,0,0,0,0,0,40,2,1,4,,application/x-msdownload,200,https-only,,ES,Apache,"cPanel, Inc. Certification Authority",90,1.0,0.0,0.0,0.0,0.0,[]
http://cfs5.tistory.com/upload_control/download.blog?fhandle=YmxvZzcxMzYyQGZzNS50aXN0b3J5LmNvbTovYXR0YWNoLzAvMTQwMDAwMDAwMDAwLmV4ZQ%3D%3D&filename=crack-pro20.exe,155,16,109,1,2,0,Global,Commercial,0,0,0,0,2,2,29,2,0,4,,application/x-dosexec,200,https-only,,KR,openresty,Thawte TLS RSA CA G1,394,1.0,0.0,0.0,0.0,0.0,[]
http://funletters.net/scenic/scenic1/jet.exe,37,14,0,0,1,0,Global,Network,0,0,0,0,0,0,23,3,1,4,System Status,text/html,404,https-only,,US,Apache,Sectigo RSA Domain Validation Secure Server CA,396,2.0,0.0,0.0,2.0,0.0,[]
http://funletters.net/scenic/scenic1/sunset1.exe,41,14,0,0,1,0,Global,Network,0,0,0,0,0,0,27,3,2,4,System Status,text/html,404,https-only,,US,Apache,Sectigo RSA Domain Validation Secure Server CA,396,2.0,0.0,0.0,2.0,0.0,[]
http://funletters.net/flowers/flowers1/smell-the-roses.exe,51,14,0,0,1,0,Global,Network,0,0,0,0,0,0,37,3,1,6,System Status,text/html,404,https-only,,US,Apache,Sectigo RSA Domain Validation Secure Server CA,396,2.0,0.0,0.0,2.0,0.0,[]
https://raw.githubusercontent.com/fuzzbunch/fuzzbunch/master/payloads/Doublepulsar-1.3.1.exe,84,25,0,0,2,1,Global,Commercial,0,0,0,0,0,0,59,5,3,9,,,400,,,,,,,,,,,,
http://marksidfgs.ug/asdf.EXE,22,13,0,0,1,0,Uganda,Country,0,0,0,0,0,0,9,1,0,2,,,,,,,,,,5.0,0.0,0.0,0.0,0.0,[]
http://94.53.120.109/dusers.exe,24,13,0,10,3,0,Global,Unknown,0,0,0,0,0,0,11,1,0,2,,application/octet-stream,200,,,RO,SHS,,,1.0,0.0,0.0,0.0,0.0,[]
http://181.224.242.131:59072/.i,24,21,0,17,3,0,Global,Unknown,0,1,0,0,0,0,3,1,0,2,,application/octet-stream,200,,,PE,,,,1.0,0.0,0.0,0.0,0.0,[]
http://202.4.124.58:12137/.i,21,18,0,14,3,0,Global,Unknown,0,1,0,0,0,0,3,1,0,2,,,,,,,,,,5.0,0.0,0.0,0.0,0.0,[]
http://46.175.138.75:11074/.i,22,19,0,15,3,0,Global,Unknown,0,1,0,0,0,0,3,1,0,2,,application/octet-stream,200,,,UA,,,,1.0,0.0,0.0,0.0,0.0,[]
http://213.16.63.103:38011/.i,22,19,0,15,3,0,Global,Unknown,0,1,0,0,0,0,3,1,0,2,,application/octet-stream,200,,,BG,,,,1.0,0.0,0.0,0.0,0.0,[]
http://165.90.16.5:18437/.i,20,17,0,13,3,0,Global,Unknown,0,1,0,0,0,0,3,1,0,2,,,,,,,,,,5.0,0.0,0.0,0.0,0.0,[]
http://95.170.113.227:32493/.i,23,20,0,16,3,0,Global,Unknown,0,1,0,0,0,0,3,1,0,2,,application/octet-stream,200,,,RU,,,,1.0,0.0,0.0,0.0,0.0,[]
http://92.114.191.82:3230/.i,21,18,0,14,3,0,Global,Unknown,0,1,0,0,0,0,3,1,0,2,,application/octet-stream,200,,,MD,,,,1.0,0.0,0.0,0.0,0.0,[]
http://216.183.54.169:47530/.i,23,20,0,16,3,0,Global,Unknown,0,1,0,0,0,0,3,1,0,2,,,,,,,,,,5.0,0.0,0.0,0.0,0.0,[]
http://212.46.197.114:17739/.i,23,20,0,16,3,0,Global,Unknown,0,1,0,0,0,0,3,1,0,2,,,,,,,,,,5.0,0.0,0.0,0.0,0.0,[]
http://178.151.143.2:21623/.i,22,19,0,15,3,0,Global,Unknown,0,1,0,0,0,0,3,1,0,2,,,,,,,,,,1.0,0.0,0.0,0.0,0.0,[]
http://154.126.178.16:30629/.i,23,20,0,16,3,0,Global,Unknown,0,1,0,0,0,0,3,1,0,2,,,,,,,,,,5.0,0.0,0.0,0.0,0.0,[]
http://36.66.139.36:53736/.i,21,18,0,14,3,0,Global,Unknown,0,1,0,0,0,0,3,1,0,2,,,,,,,,,,5.0,0.0,0.0,0.0,0.0,[]
http://194.152.35.139:45737/.i,23,20,0,16,3,0,Global,Unknown,0,1,0,0,0,0,3,1,0,2,,,,,,,,,,5.0,0.0,0.0,0.0,0.0,[]
http://190.12.99.194:28516/.i,22,19,0,15,3,0,Global,Unknown,0,1,0,0,0,0,3,1,0,2,,application/octet-stream,200,,,AR,,,,1.0,0.0,0.0,0.0,0.0,[]
http://217.11.75.162:7110/.i,21,18,0,14,3,0,Global,Unknown,0,1,0,0,0,0,3,1,0,2,,application/octet-stream,200,,,KZ,,,,1.0,0.0,0.0,0.0,0.0,[]
http://185.12.78.161:36220/.i,22,19,0,15,3,0,Global,Unknown,0,1,0,0,0,0,3,1,0,2,,application/octet-stream,200,,,BA,,,,1.0,0.0,0.0,0.0,0.0,[]
http://src1.minibai.com/uploads/thirdupload/5d3e8177e87cc.exe,54,16,0,1,2,0,Global,Commercial,0,0,0,0,0,0,38,3,8,4,,application/octet-stream,200,https-only,,CN,Lego Server,RapidSSL Global TLS RSA4096 SHA256 2022 CA1,368,1.0,0.0,0.0,0.0,0.0,[]
http://download.pdf00.cn/kszip/news/v1.0.7.31/news_01.exe,50,17,0,2,2,0,China,Country,0,0,0,0,0,0,33,4,7,9,,,400,,,,,,,,,,,,
https://codeload.github.com/MeteorAdminz/hidden-tear/zip/master,55,19,0,0,2,1,Global,Commercial,0,0,0,0,0,0,36,4,0,5,,,400,,,,,,,,,,,,
http://download.doumaibiji.cn/doumai/news2/v1.0.7.01/news2_01.exe,58,22,0,0,2,0,China,Country,0,0,0,0,0,0,36,4,9,9,,application/octet-stream,200,https-only,,CN,Lego Server,TrustAsia RSA DV TLS CA G3,395,1.0,0.0,0.0,0.0,0.0,[]
http://indonesias.me:9998/64.exe,25,18,0,4,1,0,Montenegro,Country,0,1,0,0,0,0,7,1,2,2,,,,,,,,,,1.0,0.0,0.0,0.0,0.0,[]
http://www.opolis.io/Opolis.exe,20,13,0,0,2,0,British Indian Ocean Territory,Country,0,0,0,0,0,0,11,1,0,2,,application/x-msdownload,200,,,AT,Apache/2.2.17 (Unix) DAV/2 PHP/5.3.4,,,1.0,0.0,0.0,0.0,0.0,[]
http://www.hseda.com/download/qt51crk.exe,30,13,0,0,2,0,Global,Commercial,0,0,0,0,0,0,21,2,2,3,,application/octet-stream,200,,,CN,wts/1.6,,,1.0,0.0,0.0,0.0,0.0,[]
http://www.websound.ru/issues/136_140/flt_shovemydiscoupyourarse.exe,57,15,0,0,2,0,Russia,Country,0,0,0,0,0,0,46,3,6,6,,application/octet-stream,200,,,RU,0W/0.8e,,,1.0,0.0,0.0,0.0,0.0,[]
http://websound.ru/issues/136_140/kb%5Efr_ouverture.exe,48,11,0,0,1,0,Russia,Country,0,0,0,0,0,1,37,3,7,7,,application/octet-stream,200,,,RU,0W/0.8e,,,1.0,0.0,0.0,0.0,0.0,[]
http://websound.ru/issues/136_140/kb^fr_ouverture.exe,46,11,0,0,1,0,Russia,Country,0,0,0,0,0,0,35,3,6,6,,application/octet-stream,200,same-domain,,RU,0W/0.8e,,,1.0,0.0,0.0,0.0,0.0,[]
http://websound.ru/issues/146_150/bc_memories_from_the_mcp.exe,55,11,0,0,1,0,Russia,Country,0,0,0,0,0,0,44,3,6,9,,application/octet-stream,200,,,RU,0W/0.8e,,,1.0,0.0,0.0,0.0,0.0,[]
http://websound.ru/issues/136_140/flt_shovemydiscoupyourarse.exe,57,11,0,0,1,0,Russia,Country,0,0,0,0,0,0,46,3,6,6,,application/octet-stream,200,,,RU,0W/0.8e,,,1.0,0.0,0.0,0.0,0.0,[]
http://www.starcountry.net/screenmate/cute/sm1302.zip,42,19,0,0,2,0,Global,Network,0,0,0,0,0,0,27,3,4,4,,application/zip,200,,,HK,Apache/2.4.39 (Win32),,,1.0,0.0,0.0,0.0,0.0,[]
http://nerve.untergrund.net/releases/zorke_release/zorke_asciiverter_v1.00/zke-ascv.exe,80,20,0,0,2,0,Global,Network,0,0,0,0,0,0,60,4,3,10,,application/octet-stream,200,https-only,,DE,Apache/2.2.15 (CentOS),Don Dominio / MrDomain RSA DV CA,395,1.0,0.0,0.0,0.0,0.0,[]
http://nerve.untergrund.net/releases/12.2013/nrv-ppwr.zip,50,20,0,0,2,0,Global,Network,0,0,0,0,0,0,30,3,6,6,,application/zip,200,https-only,,DE,Apache/2.2.15 (CentOS),Don Dominio / MrDomain RSA DV CA,395,1.0,0.0,0.0,0.0,0.0,[]
http://chiptune.com/razor/rzr-winner_intro.zip,39,12,0,0,1,0,Global,Commercial,0,0,0,0,0,0,27,2,0,5,,application/zip,200,https-only,,DE,Apache/2.2.15 (CentOS),Don Dominio / MrDomain RSA DV CA,395,1.0,0.0,0.0,0.0,0.0,[]
http://nerve.untergrund.net/releases/zorke_release/zorke_nfo_file_viewer_v1.00/zke-nfoview.exe,87,20,0,0,2,0,Global,Network,0,0,0,0,0,0,67,4,3,12,,application/octet-stream,200,https-only,,DE,Apache/2.2.15 (CentOS),Don Dominio / MrDomain RSA DV CA,395,1.0,0.0,0.0,0.0,0.0,[]
http://download.skycn.com/hao123-soft-online-bcs/soft/D/2014-06-12_djylh.exe,69,18,0,0,2,0,Global,Commercial,0,0,0,0,0,0,51,4,11,11,,application/octet-stream,200,,,CN,JSP3/2.0.14,,,1.0,0.0,0.0,0.0,0.0,[]
http://download.skycn.com/hao123-soft-online-bcs/soft/P/pocketrar350sc.exe,67,18,0,0,2,0,Global,Commercial,0,0,0,0,0,0,49,4,6,8,,application/octet-stream,200,,,CN,JSP3/2.0.14,,,1.0,0.0,0.0,0.0,0.0,[]
http://support.clz.kr/soft_hair/PCSupport.exe,38,14,0,0,2,0,South Korea,Country,0,0,0,0,0,0,24,2,0,4,,application/octet-stream,200,,,KR,Apache,,,1.0,0.0,0.0,0.0,0.0,[]
http://dl.198424.com/soft1/sc2_tool.zip,32,13,0,6,2,0,Global,Commercial,0,0,0,0,0,0,19,2,2,4,,,400,,,,,,,,,,,,
http://jointings.org/eng/wp-content/plugins/featurific-for-wordpress/3,63,13,0,0,1,0,Global,Organisation,0,0,0,0,0,0,50,5,1,8,,application/octet-stream,200,,,US,Apache/2.4.7 (Ubuntu),,,1.0,0.0,0.0,0.0,0.0,[]
http://jointings.org/eng/wp-content/plugins/featurific-for-wordpress/2,63,13,0,0,1,0,Global,Organisation,0,0,0,0,0,0,50,5,1,8,,application/octet-stream,200,,,US,Apache/2.4.7 (Ubuntu),,,1.0,0.0,0.0,0.0,0.0,[]
http://jointings.org/eng/wp-content/plugins/featurific-for-wordpress/1,63,13,0,0,1,0,Global,Organisation,0,0,0,0,0,0,50,5,1,8,,application/octet-stream,200,,,US,Apache/2.4.7 (Ubuntu),,,1.0,0.0,0.0,0.0,0.0,[]
http://down.pcclear.com/active/PCclear_Eng_mini.exe,44,16,0,0,2,0,Global,Commercial,0,0,0,0,0,0,28,2,0,5,,application/octet-stream,200,,,KR,nginx/1.20.1,,,1.0,0.0,0.0,0.0,0.0,[]
http://livetrack.in/EmployeeMasterImages/qace.jpg,42,12,0,0,1,0,India,Country,0,0,0,0,0,0,30,2,0,3,,,400,,,,,,,,,,,,
http://static.3001.net/upload/20140812/14078161556897.rar,50,15,0,4,2,0,Global,Network,0,0,0,0,0,0,35,3,22,4,,application/x-rar-compressed,200,https-only,,HK,marco/2.20,TrustAsia RSA DV TLS CA G3,388,1.0,0.0,0.0,0.0,0.0,[]
http://pink99.com/logsite/0LDDOC/TKA1833163913SOXCJH/Aug-11-2018-06005952849/NVS-VJXV/,79,10,0,2,1,0,Global,Commercial,0,0,0,0,0,0,69,5,28,10,,application/msword,200,,,JP,Apache,,,1.0,0.0,0.0,0.0,0.0,[]
